{
  "0":32,
  "1":1,
  "2":2,
  "3":3,
  "4":4,
  "5":5,
  "6":4,
  "7":5,
  "8":6,
  "9":7,
  "10":8,
  "11":9,
  "12":8,
  "13":9,
  "14":10,
  "15":11,
  "16":12,
  "17":13,
  "18":12,
  "19":13,
  "20":14,
  "21":15,
  "22":16,
  "23":17,
  "24":16,
  "25":17,
  "26":18,
  "27":19,
  "28":20,
  "29":21,
  "30":20,
  "31":21,
  "32":22,
  "33":23,
  "34":24,
  "35":25,
  "36":24,
  "37":25,
  "38":26,
  "39":27,
  "40":28,
  "41":29,
  "42":28,
  "43":29,
  "44":30,
  "45":31,
  "46":32,
  "47":1
}
