{
    "0":58,
    "1":50,
    "2":42,
    "3":34,
    "4":26,
    "5":18,
    "6":10,
    "7":2,
    "8":60,
    "9":52,
    "10":44,
    "11":36,
    "12":28,
    "13":20,
    "14":12,
    "15":4,
    "16":62,
    "17":54,
    "18":46,
    "19":38,
    "20":30,
    "21":22,
    "22":14,
    "23":6,
    "24":64,
    "25":56,
    "26":48,
    "27":40,
    "28":32,
    "29":24,
    "30":16,
    "31":8,
    "32":57,
    "33":49,
    "34":41,
    "35":33,
    "36":25,
    "37":17,
    "38":9,
    "39":1,
    "40":59,
    "41":51,
    "42":43,
    "43":35,
    "44":27,
    "45":19,
    "46":11,
    "47":3,
    "48":61,
    "49":53,
    "50":45,
    "51":37,
    "52":29,
    "53":21,
    "54":13,
    "55":5,
    "56":63,
    "57":55,
    "58":47,
    "59":39,
    "60":31,
    "61":23,
    "62":15,
    "63":7
}