{
  "0":40,
  "1":8,
  "2":48,
  "3":16,
  "4":56,
  "5":24,
  "6":64,
  "7":32,
  "8":39,
  "9":7,
  "10":47,
  "11":15,
  "12":55,
  "13":23,
  "14":63,
  "15":31,
  "16":38,
  "17":6,
  "18":46,
  "19":14,
  "20":54,
  "21":22,
  "22":62,
  "23":30,
  "24":37,
  "25":5,
  "26":45,
  "27":13,
  "28":53,
  "29":21,
  "30":61,
  "31":29,
  "32":36,
  "33":4,
  "34":44,
  "35":12,
  "36":52,
  "37":20,
  "38":60,
  "39":28,
  "40":35,
  "41":3,
  "42":43,
  "43":11,
  "44":51,
  "45":19,
  "46":59,
  "47":27,
  "48":34,
  "49":2,
  "50":42,
  "51":10,
  "52":50,
  "53":18,
  "54":58,
  "55":26,
  "56":33,
  "57":1,
  "58":41,
  "59":9,
  "60":49,
  "61":17,
  "62":57,
  "63":25
}
