{
    "0":57,
    "1":49,
    "2":41,
    "3":33,
    "4":25,
    "5":17,
    "6":9,
    "7":1,
    "8":58,
    "9":50,
    "10":42,
    "11":34,
    "12":26,
    "13":18,
    "14":10,
    "15":2,
    "16":59,
    "17":51,
    "18":43,
    "19":35,
    "20":27,
    "21":19,
    "22":11,
    "23":3,
    "24":60,
    "25":52,
    "26":44,
    "27":36,
    "28":63,
    "29":55,
    "30":47,
    "31":39,
    "32":31,
    "33":23,
    "34":15,
    "35":7,
    "36":62,
    "37":54,
    "38":46,
    "39":38,
    "40":30,
    "41":22,
    "42":14,
    "43":6,
    "44":62,
    "45":53,
    "46":45,
    "47":37,
    "48":29,
    "49":21,
    "50":13,
    "51":5,
    "52":28,
    "53":20,
    "54":12,
    "55":4
}