{
    "0":14,
    "1":17,
    "2":11,
    "3":24,
    "4":1,
    "5":5,
    "6":3,
    "7":28,
    "8":15,
    "9":6,
    "10":21,
    "11":10,
    "12":23,
    "13":19,
    "14":12,
    "15":4,
    "16":26,
    "17":8,
    "18":16,
    "19":7,
    "20":27,
    "21":20,
    "22":13,
    "23":2,
    "24":41,
    "25":52,
    "26":31,
    "27":37,
    "28":47,
    "29":55,
    "30":30,
    "31":40,
    "32":51,
    "33":45,
    "34":33,
    "35":48,
    "36":44,
    "37":49,
    "38":39,
    "39":56,
    "40":34,
    "41":53,
    "42":46,
    "43":42,
    "44":50,
    "45":36,
    "46":29,
    "47":32
}